p, SYSTEM_ADMIN, /*, (GET)|(POST)|(PUT)|(DELETE)|(PATCH)
p, PROCUREMENT_SUPPLY_CHAIN_OFFICER, /api/v1/assets*, (GET)|(POST)
p, PROCUREMENT_SUPPLY_CHAIN_OFFICER, /api/v1/batches*, (GET)|(POST)
p, PROCUREMENT_SUPPLY_CHAIN_OFFICER, /api/v1/evidence*, GET
p, PROCUREMENT_SUPPLY_CHAIN_OFFICER, /api/v1/inspections*, GET
p, PROCUREMENT_SUPPLY_CHAIN_OFFICER, /api/v1/lifecycle*, GET
p, PROCUREMENT_SUPPLY_CHAIN_OFFICER, /api/v1/technical-records*, GET
p, PROCUREMENT_SUPPLY_CHAIN_OFFICER, /api/v1/approvals*, (GET)|(POST)
p, PROCUREMENT_SUPPLY_CHAIN_OFFICER, /api/v1/notifications*, (GET)|(POST)|(PATCH)
p, PROCUREMENT_SUPPLY_CHAIN_OFFICER, /api/v1/blockchain*, GET
p, PROCUREMENT_SUPPLY_CHAIN_OFFICER, /api/v1/verification*, GET
p, PROCUREMENT_SUPPLY_CHAIN_OFFICER, /api/v1/dashboard*, GET
p, PROCUREMENT_SUPPLY_CHAIN_OFFICER, /api/v1/search*, GET
p, PROCUREMENT_SUPPLY_CHAIN_OFFICER, /api/v1/supply-chain*, (GET)|(POST)|(PUT)|(PATCH)
p, PROCUREMENT_SUPPLY_CHAIN_OFFICER, /api/v1/suppliers*, (GET)|(POST)|(PUT)
p, PROCUREMENT_SUPPLY_CHAIN_OFFICER, /api/v1/facilities*, (GET)|(POST)|(PUT)
p, PROCUREMENT_SUPPLY_CHAIN_OFFICER, /api/v1/lots*, (GET)|(POST)|(PUT)
p, PROCUREMENT_SUPPLY_CHAIN_OFFICER, /api/v1/shipments*, (GET)|(POST)|(PUT)
p, PROCUREMENT_SUPPLY_CHAIN_OFFICER, /api/v1/custody*, (GET)|(POST)|(PATCH)
p, PROCUREMENT_SUPPLY_CHAIN_OFFICER, /api/v1/certifications*, (GET)|(POST)
p, PROCUREMENT_SUPPLY_CHAIN_OFFICER, /api/v1/certifications/queue, GET

p, QUALITY_INSPECTOR, /api/v1/assets*, (GET)|(POST)|(PUT)
p, QUALITY_INSPECTOR, /api/v1/batches*, GET
p, QUALITY_INSPECTOR, /api/v1/evidence*, (GET)|(POST)
p, QUALITY_INSPECTOR, /api/v1/physical-bindings*, (GET)|(POST)|(PATCH)|(DELETE)
p, QUALITY_INSPECTOR, /api/v1/inspections*, (GET)|(POST)|(PUT)
p, QUALITY_INSPECTOR, /api/v1/lifecycle*, (GET)|(POST)
p, QUALITY_INSPECTOR, /api/v1/technical-records*, (GET)|(POST)|(PUT)
p, QUALITY_INSPECTOR, /api/v1/approvals*, (GET)|(POST)
p, QUALITY_INSPECTOR, /api/v1/notifications*, (GET)|(POST)|(PATCH)
p, QUALITY_INSPECTOR, /api/v1/blockchain*, (GET)|(POST)
p, QUALITY_INSPECTOR, /api/v1/verification*, (GET)|(POST)
p, QUALITY_INSPECTOR, /api/v1/dashboard*, GET
p, QUALITY_INSPECTOR, /api/v1/search*, GET
p, QUALITY_INSPECTOR, /api/v1/supply-chain*, (GET)|(POST)|(PUT)|(PATCH)
p, QUALITY_INSPECTOR, /api/v1/suppliers*, (GET)|(POST)|(PUT)
p, QUALITY_INSPECTOR, /api/v1/certifications*, (GET)|(POST)
p, QUALITY_INSPECTOR, /api/v1/certifications/queue, GET
p, QUALITY_INSPECTOR, /api/v1/assets/eligible, GET
p, AUDITOR, /*, GET
p, AUDITOR, /api/v1/notifications*, (GET)|(POST)|(PATCH)
p, AUDITOR, /api/v1/verification*, (GET)|(POST)
p, AUDITOR, /api/v1/supply-chain*, (GET)|(POST)|(PUT)|(PATCH)
p, AUDITOR, /api/v1/suppliers*, (GET)|(POST)|(PUT)

g, ROLE_SYSTEM_ADMIN, SYSTEM_ADMIN
g, ROLE_ADMIN, SYSTEM_ADMIN
g, ADMIN, SYSTEM_ADMIN
g, SYSTEM_ADMIN, ROLE_SYSTEM_ADMIN

g, ROLE_PROCUREMENT_SUPPLY_CHAIN_OFFICER, PROCUREMENT_SUPPLY_CHAIN_OFFICER
g, PROCUREMENT_SUPPLY_CHAIN_OFFICER, ROLE_PROCUREMENT_SUPPLY_CHAIN_OFFICER
g, NFT_CREATOR, PROCUREMENT_SUPPLY_CHAIN_OFFICER
g, ROLE_NFT_CREATOR, PROCUREMENT_SUPPLY_CHAIN_OFFICER
g, CREATOR, PROCUREMENT_SUPPLY_CHAIN_OFFICER
g, ROLE_CREATOR, PROCUREMENT_SUPPLY_CHAIN_OFFICER

g, ROLE_QUALITY_INSPECTOR, QUALITY_INSPECTOR
g, QUALITY_INSPECTOR, ROLE_QUALITY_INSPECTOR
g, TECHNICIAN, QUALITY_INSPECTOR
g, ROLE_TECHNICIAN, QUALITY_INSPECTOR
g, TECH, QUALITY_INSPECTOR
g, ROLE_TECH, QUALITY_INSPECTOR

g, ROLE_AUDITOR, AUDITOR
g, AUDITOR, ROLE_AUDITOR

