p, ADMIN, /*, (GET)|(POST)|(PUT)|(DELETE)|(PATCH)
p, NFT_CREATOR, /api/v1/certifications*, (GET)|(POST)
p, NFT_CREATOR, /api/v1/assets*, GET
p, NFT_CREATOR, /api/v1/evidence*, GET
p, TECHNICIAN, /api/v1/assets*, (GET)|(POST)|(PUT)
p, TECHNICIAN, /api/v1/batches*, GET
p, TECHNICIAN, /api/v1/evidence*, (GET)|(POST)
p, TECHNICIAN, /api/v1/inspections*, (GET)|(POST)
p, TECHNICIAN, /api/v1/lifecycle*, (GET)|(POST)
p, AUDITOR, /*, GET

g, ADMIN, ROLE_ADMIN
g, NFT_CREATOR, ROLE_NFT_CREATOR
g, TECHNICIAN, ROLE_TECHNICIAN
g, AUDITOR, ROLE_AUDITOR
